지역,분류,카테고리별 순위,상호명,적용키워드,검색량,대표이미지URL,상호명(영어),
마곡,쇼핑/문화,쇼핑/문화 1위,스페이스K 서울,마곡스페이스,20,http://imgnews.naver.net/image/018/2020/09/15/0004737318_001_20200915104006929.jpg,Space K Seoul,"스페이스K 서울': 'Space K Seoul',"
마곡,쇼핑/문화,쇼핑/문화 2위,방구방구문방구,마곡방구방구문방구,20,https://thumbnail.coupangcdn.com/thumbnails/remote/492x492ex/image/vendor_inventory/d67e/de8f14b0e06470e9fd4ab21d34def4aa2090c8c7071ce8530a231e8e5610.JPG,Banggu Banggu Stationery,"방구방구문방구': 'Banggu Banggu Stationery',"
마곡,식당/맛집,식당/맛집 1위,산청숯불가든 마곡,마곡산청숯불가든,1660,https://d2uja84sd90jmv.cloudfront.net/posts/h7r7vmH7RwktlqfOOu66LQ/ms.jpg,Sancheong Charcoal Garden Magok,"산청숯불가든 마곡': 'Sancheong Charcoal Garden Magok',"
마곡,식당/맛집,식당/맛집 2위,거궁 마곡점,마곡거궁,1240,https://ldb-phinf.pstatic.net/20210522_275/1621656887123r5TBx_JPEG/xOzgRhZFBOo_tzaWHy9ACFgv.jpg,Geogung Magok,"거궁 마곡점': 'Geogung Magok',"
마곡,식당/맛집,식당/맛집 3위,일품 마곡점,마곡일품,950,https://pup-post-phinf.pstatic.net/MjAyNTEwMDJfMTkz/MDAxNzU5Mzk1OTMwNzE2.BmsMde1eeWSxHozvK2Rbi39i5352A8cauofR2p06sJIg.iaJG_kuvvAvYLhHJa-ErbWXSQ8vgOIwU_a8ZQ8D_goQg.JPEG/42CAAAB5-37F8-40FB-A2BF-AA95D3DC494C.jpg,Ilpum Magok,"일품 마곡점': 'Ilpum Magok',"
마곡,식당/맛집,식당/맛집 4위,마곡돈탐구소,마곡돈탐구소,950,https://d12zq4w4guyljn.cloudfront.net/20241027042301_photo1_711ea3bbb320.webp,Magok Don Tamguso,"마곡돈탐구소': 'Magok Don Tamguso',"
마곡,식당/맛집,식당/맛집 5위,마곡금고깃집,마곡금고깃집,920,https://d12zq4w4guyljn.cloudfront.net/20240929095050_photo2_7a38736fd26c.webp,Magok Gold Meat House,"마곡금고깃집': 'Magok Gold Meat House',"
마곡,식당/맛집,식당/맛집 6위,마곡상해루,마곡상해루,850,https://pup-post-phinf.pstatic.net/MjAyNTEyMjlfMjk4/MDAxNzY2OTk4NjI2MDE5.5l3i5236IOCVWPB5Dsp6BjPWMKIQQZXdI78EmmvNYYUg.fyhb-Fi3m5fR-MCWuylhVmJCBP_FJHuflovTmMHQcgQg.JPEG/7E43EA9A-8CE6-4F4A-A24E-6A0B7AFC418A.jpg,Magok Shanghairu,"마곡상해루': 'Magok Shanghairu',"
마곡,식당/맛집,식당/맛집 7위,마곡숙성도,마곡숙성도,760,https://pup-post-phinf.pstatic.net/MjAyNjAzMTVfMjQy/MDAxNzczNTg0MDYxOTQz.7rWeEUSdewHItZ-VQhwv2Ku7pBJKUFVXlLUH6KIQuZ8g.7ANrSb5TivgM8Gg7V5TgMEcW4o923pku-rMigdxNqqkg.JPEG/POST_IMAGE_ENCODING_20260315_231420_167.jpg,Magok Suksungdo,"마곡숙성도': 'Magok Suksungdo',"
마곡,식당/맛집,식당/맛집 8위,로마옥 마곡,마곡로마옥,720,https://i.pinimg.com/736x/69/77/00/6977005fc7fc097903c6426b94f1ba9b.jpg,Romaok Magok,"로마옥 마곡': 'Romaok Magok',"
마곡,식당/맛집,식당/맛집 9위,라우라,마곡라우라,710,https://ldb-phinf.pstatic.net/20231010_284/1696866749662Uxdic_JPEG/%B8%DE%C0%CE%C0%FC%B0%E6.jpg,Laura,"라우라': 'Laura',"
마곡,식당/맛집,식당/맛집 10위,목로,마곡목로,690,https://pup-post-phinf.pstatic.net/MjAyNTEyMThfMjYx/MDAxNzY2MDQ4MzM0NTI0.Bu2vYAUFy5OCknKd2OU-yYkiyYSb0OwZnY2S5sIv734g.1T4gtJfTLMJOR65eeZ7vPQbxNiLEDQJXJBBLPH5yeysg.JPEG/47A5C84A-32EF-4105-AAE2-8A39356228AE.jpg,Mokro,"목로': 'Mokro',"
마곡,카페/베이커리,카페/베이커리 1위,어나더사이드,마곡어나더사이드,580,https://pup-post-phinf.pstatic.net/MjAyNTExMTdfODIg/MDAxNzYzMzE0NzIwMTky.wSAs8gMksSGQoaCIJuxnhNNWQw5eWmg22BzhBvfPuKwg.QZsNm2r1GArSBcrr0VDhLmtI1f2t04pw8zQZn2nu2sUg.JPEG/47BC05FF-D78C-4DAA-87B5-3F70F052C9E4.jpg,Another Side,"어나더사이드': 'Another Side',"
마곡,카페/베이커리,카페/베이커리 2위,베이글리스트,마곡베이글리스트,500,https://ldb-phinf.pstatic.net/20240627_285/1719476743411md5dK_JPEG/22.jpg,Bagel List,"베이글리스트': 'Bagel List',"
마곡,카페/베이커리,카페/베이커리 3위,타르데마 베이커리 우장산점,마곡타르데마,300,https://d12zq4w4guyljn.cloudfront.net/750_750_20251006104709_photo1_dbd34f76e37f.webp,Tardema Bakery Ujangsan,"타르데마 베이커리 우장산점': 'Tardema Bakery Ujangsan',"
마곡,카페/베이커리,카페/베이커리 4위,Bakery LUNE (베이커리룬),마곡베이커리룬,250,https://blog.kakaocdn.net/dn/bWJR68/btrjTZCstj2/KcRpHGUAeCtbRssF6nm8p1/img.jpg,Bakery LUNE,"Bakery LUNE (베이커리룬)': 'Bakery LUNE',"
마곡,카페/베이커리,카페/베이커리 5위,고드니,마곡고드니,230,https://ldb-phinf.pstatic.net/20240501_224/1714564223611rjIBh_JPEG/IMG_6889.jpeg,Godny,"고드니': 'Godny',"
마곡,카페/베이커리,카페/베이커리 6위,파리크라상 이대서울병원점,마곡파리크라상,200,https://pup-post-phinf.pstatic.net/MjAyNTEyMjBfMTYz/MDAxNzY2MjM5OTA4ODI0.2Hka2Z0_bh9N0yoA6IuvZWlUNSuu2SN_yL0pA9rmiMYg.TgxQpdTFGVVykbI9JAsCcrDrcPxOnEeAHlnE7Npk7Z8g.JPEG/POST_IMAGE_ENCODING_20251220_231135_701.jpg,Paris Croissant Ewha Womans Univ. Seoul Hospital,"파리크라상 이대서울병원점': 'Paris Croissant Ewha Womans Univ. Seoul Hospital',"
마곡,카페/베이커리,카페/베이커리 7위,르와조,마곡르와조,180,https://pup-post-phinf.pstatic.net/MjAyNjAzMjhfMjY0/MDAxNzc0Njk2NDk0MTQw.zWtvY1LziwMbuan6yZMQw07GC96RmbeRu4u0J7s2Qukg.CL0DXRTCFrl7F5IkSckZ820h5ie0hAhvAiI08Fl4Mi0g.JPEG/F48CC8B2-97C3-4B50-8EBB-66D9B10187D9.jpg,L'oiseau,"르와조': 'L'oiseau',"
마곡,카페/베이커리,카페/베이커리 8위,라크루뜨서울 본점,마곡라크루뜨,160,https://pup-post-phinf.pstatic.net/MjAyNTA4MjBfMjUg/MDAxNzU1NjYxMDQ3Mjk3.KhBCrnAhylG8FpskQoMNCvY3Qo5y82GnO2VhgGnr88Ig.K7jkAd4GWMj-QB9TfFUhqnUDt5IN1wrHsA1SXfeMACEg.JPEG/F62892E7-7EE0-4EE2-9974-563B1A65229A.jpg,La Croute Seoul Main Store,"라크루뜨서울 본점': 'La Croute Seoul Main Store',"
마곡,카페/베이커리,카페/베이커리 9위,브릭샌드 원그로브점 Bricksand Onegrove,마곡브릭샌드,160,https://pup-post-phinf.pstatic.net/MjAyNTExMTBfMjg1/MDAxNzYyNzQwMzg3MTA1.QpFJWwlvNSxMYYEqCvwoC00rWkOBbYc4n-W5IZkt9Nwg.CnLNH5DgUrphgFQdYsv1FU2leEa5MW8JlhK8qqHXFbwg.JPEG/02E2B4F6-F879-40C3-A8B1-4851FFFB7C40.jpg,Bricksand Onegrove,"브릭샌드 원그로브점 Bricksand Onegrove': 'Bricksand Onegrove',"
마곡,카페/베이커리,카페/베이커리 10위,마곡 카페 디프커피,마곡디프커피,140,https://ldb-phinf.pstatic.net/20241113_61/1731487047836YDxxX_JPEG/KakaoTalk_20241113_173651541.jpg,Magok Cafe Deep Coffee,"마곡 카페 디프커피': 'Magok Cafe Deep Coffee',"
천호,쇼핑/문화,쇼핑/문화 1위,뉴발란스 키즈 2001아울렛 천호점,천호뉴발란스,110,https://ldb-phinf.pstatic.net/20240513_147/1715562838459Nl8E5_JPEG/KakaoTalk_20240513_101031344.jpg,New Balance Kids 2001 Outlet Cheonho,"뉴발란스 키즈 2001아울렛 천호점': 'New Balance Kids 2001 Outlet Cheonho',"
천호,쇼핑/문화,쇼핑/문화 2위,현대백화점 천호점,천호현대백화,20,http://imgnews.naver.net/image/015/2013/10/29/201310280236a_01.7983790.1_59_20131029100003.jpg,Hyundai Department Store Cheonho,"현대백화점 천호점': 'Hyundai Department Store Cheonho',"
천호,쇼핑/문화,쇼핑/문화 3위,서울 풍납동 토성,천호풍납동,20,http://imgnews.naver.net/image/009/2018/01/26/0004090271_001_20180126140609278.jpg,Seoul Pungnap-dong Fortress,"서울 풍납동 토성': 'Seoul Pungnap-dong Fortress',"
천호,쇼핑/문화,쇼핑/문화 4위,파크랜드,천호파크랜드,20,http://imgnews.naver.net/image/5233/2019/04/16/0000298258_001_20190416112808145.png,Parkland,"파크랜드': 'Parkland',"
천호,쇼핑/문화,쇼핑/문화 5위,송포어스,천호송포어스,20,https://ldb-phinf.pstatic.net/20220223_132/1645581818438IwIXj_JPEG/%BC%DB%C6%F7%BE%EE%BD%BA_%C0%CE%C5%D7%B8%AE%BE%EE_0002.jpg,Song For Us,"송포어스': 'Song For Us',"
천호,식당/맛집,식당/맛집 1위,천호경송,천호경송,1730,https://ldb-phinf.pstatic.net/20230922_236/1695374608341QYKhU_JPEG/KakaoTalk_20230922_172751078.jpg,Cheonho Gyeongsong,"천호경송': 'Cheonho Gyeongsong',"
천호,식당/맛집,식당/맛집 2위,천호닭곰탕,천호닭곰탕,1590,https://d12zq4w4guyljn.cloudfront.net/20250803100001_photo1_25fdbbc86c01.webp,Cheonho Chicken Soup,"천호닭곰탕': 'Cheonho Chicken Soup',"
천호,식당/맛집,식당/맛집 3위,오징어포차,천호오징어포차,1590,https://d12zq4w4guyljn.cloudfront.net/20260301114700_photo1_d2aa4a257e69.webp,Squid Pocha,"오징어포차': 'Squid Pocha',"
천호,식당/맛집,식당/맛집 4위,풀팬,천호풀팬,880,https://img.siksinhot.com/place/1526829344155309.jpg,Full Pan,"풀팬': 'Full Pan',"
천호,식당/맛집,식당/맛집 5위,군산식당,천호군산식당,740,https://d12zq4w4guyljn.cloudfront.net/20251015031529837_photo_eed078debe0f.webp,Gunsan Restaurant,"군산식당': 'Gunsan Restaurant',"
천호,식당/맛집,식당/맛집 6위,천호돈,천호돈,730,http://imgnews.naver.net/image/5090/2014/08/27/20140827094857577104_59_20140827095003.jpg,Cheonho Don,"천호돈': 'Cheonho Don',"
천호,식당/맛집,식당/맛집 7위,푸지미곱창,천호푸지미곱창,690,https://d12zq4w4guyljn.cloudfront.net/20251123111337_photo1_1f3629126da3.webp,Pujimi Gopchang,"푸지미곱창': 'Pujimi Gopchang',"
천호,식당/맛집,식당/맛집 8위,천호대팔이네,천호대팔이네,680,https://d12zq4w4guyljn.cloudfront.net/20260127125529_photo1_1ad612fcd288.webp,Cheonho Daepaline,"천호대팔이네': 'Cheonho Daepaline',"
천호,식당/맛집,식당/맛집 9위,로니로티천호점,천호로니로티,640,https://pup-post-phinf.pstatic.net/MjAyNjAxMTNfMTM4/MDAxNzY4MzA1MDgxNzM3.m63VqLDOQm4WJTvZmtTY9T19EnGjp2vSdh_Lkw2fGAEg.iDDKleLNPfvQQmBJ0Fdbl3TVajKWrckvmM1cGrxDbRYg.JPEG/POST_IMAGE_ENCODING_20260113_205120_054.jpg,Loni Lottie Cheonho,"로니로티천호점': 'Loni Lottie Cheonho',"
천호,식당/맛집,식당/맛집 10위,안녕식당,천호안녕식당,630,https://img.theqoo.net/img/RmRSU.jpg,Annyeong Restaurant,"안녕식당': 'Annyeong Restaurant',"
천호,카페/베이커리,카페/베이커리 1위,헤르츠로그,천호헤르츠로그,3370,https://d12zq4w4guyljn.cloudfront.net/20250228032133229_photo_75d97bd9c539.webp,Herzlog,"헤르츠로그': 'Herzlog',"
천호,카페/베이커리,카페/베이커리 2위,천호하츠베이커리,천호하츠베이커리,320,https://d12zq4w4guyljn.cloudfront.net/20251028092007_photo5_69bc35ed1eb7.webp,Cheonho Hatz Bakery,"천호하츠베이커리': 'Cheonho Hatz Bakery',"
천호,카페/베이커리,카페/베이커리 3위,썸머러너,천호썸머러너,290,https://pup-post-phinf.pstatic.net/MjAyNTA5MjZfNjkg/MDAxNzU4ODE0OTIzMjEx.k7xRteZKdDxZ7FukvVMK-upVOooSeA_grnWkz-XsddYg.2o1fLNvrUncka6Zsynd4DK06rZLQjMQ2XjJRhOaSz1og.JPEG/DA1AD3A8-248C-4701-B042-9EAC6170BDCF.jpg,Summer Runner,"썸머러너': 'Summer Runner',"
천호,카페/베이커리,카페/베이커리 4위,오뜨르베이커리,천호오뜨르베이커리,270,https://d12zq4w4guyljn.cloudfront.net/750_750_20230823041254_photo1_fe6807e17bbb.webp,Autre Bakery,"오뜨르베이커리': 'Autre Bakery',"
천호,카페/베이커리,카페/베이커리 5위,천호블랑제리,천호블랑제리,190,https://i.pinimg.com/736x/53/9e/a1/539ea1aed82de65c58b026ceedb7939c.jpg,Cheonho Boulangerie,"천호블랑제리': 'Cheonho Boulangerie',"
천호,카페/베이커리,카페/베이커리 6위,아이스베리 천호점,천호아이스베리,150,https://search.pstatic.net/common/?autoRotate=true&type=w560_sharpen&src=https%3A%2F%2Fldb-phinf.pstatic.net%2F20220127_166%2F1643253682677P1q4o_JPEG%2F3559397E-EF96-47E1-A4DD-FC92BBD0B9CA.jpeg,Iceberry Cheonho,"아이스베리 천호점': 'Iceberry Cheonho',"
천호,카페/베이커리,카페/베이커리 7위,설빙 천호로데오점,천호설빙,90,https://d2uja84sd90jmv.cloudfront.net/posts/EEe-_vB0OBbA9FE8FQ2WGg/ms.jpg,Sulbing Cheonho Rodeo,"설빙 천호로데오점': 'Sulbing Cheonho Rodeo',"
천호,카페/베이커리,카페/베이커리 8위,베스킨라빈스 풍납점,천호베스킨라빈스,60,https://ldb-phinf.pstatic.net/20260105_22/1767572563167K78eP_JPEG/IMG_7523.jpeg,Baskin Robbins Pungnap,"베스킨라빈스 풍납점': 'Baskin Robbins Pungnap',"
천호,카페/베이커리,카페/베이커리 9위,브랜뉴하이몬드,천호브랜뉴하이몬드,50,https://d12zq4w4guyljn.cloudfront.net/20250619071056_photo1_f7b7bc9f7ef0.webp,Brand New Hi-Mond,"브랜뉴하이몬드': 'Brand New Hi-Mond',"
천호,카페/베이커리,카페/베이커리 10위,카페알마,천호알마,40,https://img.siksinhot.com/place/1527407041684194.jpg,Cafe Alma,"카페알마': 'Cafe Alma',"
강남,쇼핑/문화,쇼핑/문화 1위,교보문고 강남점,강남교보문고,8380,https://mdpqzcwamhzxybldvctr.supabase.co/storage/v1/object/public/popup-photos/kyobo_g.jpg,Kyobo Book Centre Gangnam,"교보문고 강남점': 'Kyobo Book Centre Gangnam',"
강남,쇼핑/문화,쇼핑/문화 2위,뉴뉴 강남점 (NYUNYU),강남뉴뉴,4060,"https://media.triple.guide/triple-cms/c_limit,f_auto,h_1024,w_1024/df107119-f640-49c6-9132-6585fb61e005.jpeg",NYUNYU Gangnam,"뉴뉴 강남점 (NYUNYU)': 'NYUNYU Gangnam',"
강남,쇼핑/문화,쇼핑/문화 3위,나이키 강남점,강남나이키,2540,https://ldb-phinf.pstatic.net/20240522_108/1716357992048Qvixv_PNG/20240522_150517.png,Nike Gangnam,"나이키 강남점': 'Nike Gangnam',"
강남,쇼핑/문화,쇼핑/문화 4위,키이스케이프 우주라이크,강남키이스케이프,2510,https://pup-post-phinf.pstatic.net/MjAyNTEyMDFfMTUz/MDAxNzY0NTY2NTU3NTIz.a6b-rtPo8FppuI48ZLPkggUlmbKwxE7Pj-Ng36AVyicg.Kufwcfqt2kKiq6LMcqIB0dO9Wlrsi1x9wVIg5f3JYH8g.JPEG/POST_IMAGE_ENCODING_20251201_142229_360.jpg,Keyescape WouldULike,"키이스케이프 우주라이크': 'Keyescape WouldULike',"
강남,쇼핑/문화,쇼핑/문화 5위,무인양품 강남점,강남무인양품,810,http://imgnews.naver.net/image/5549/2020/06/29/0000002898_001_20200629103233206.jpg,MUJI Gangnam,"무인양품 강남점': 'MUJI Gangnam',"
강남,쇼핑/문화,쇼핑/문화 6위,스파오 강남점,강남스파오,560,http://imgnews.naver.net/image/5525/2024/10/25/0000373432_001_20241025180012088.jpg,SPAO Gangnam,"스파오 강남점': 'SPAO Gangnam',"
강남,쇼핑/문화,쇼핑/문화 7위,에잇세컨즈 강남대로점,강남에잇세컨즈,430,http://imgnews.naver.net/image/008/2012/09/21/2012092116040756602_2_59_20120921161705.jpg,8 Seconds Gangnam-daero,"에잇세컨즈 강남대로점': '8 Seconds Gangnam-daero',"
강남,쇼핑/문화,쇼핑/문화 8위,우주가챠 강남점,강남우주가챠,350,https://ldb-phinf.pstatic.net/20260220_294/1771579302136fL3IU_JPEG/47369.jpg,Uju Gacha Gangnam,"우주가챠 강남점': 'Uju Gacha Gangnam',"
강남,쇼핑/문화,쇼핑/문화 9위,지오다노 강남점,강남지오다노,190,https://mdpqzcwamhzxybldvctr.supabase.co/storage/v1/object/public/popup-photos/giodano_g.jpg,Giordano Gangnam,"지오다노 강남점': 'Giordano Gangnam',"
강남,쇼핑/문화,쇼핑/문화 10위,ZARA Gangnam Station,강남ZARA,80,https://ldb-phinf.pstatic.net/20210528_67/1622189340307jw6yH_JPEG/lfnGuMqE9BjNoC_lVif2x_4R.jpg,ZARA Gangnam Station,"ZARA Gangnam Station': 'ZARA Gangnam Station',"
강남,식당/맛집,식당/맛집 1위,강남진해장,강남진해장,4070,https://d2uja84sd90jmv.cloudfront.net/posts/VoSGJP4GfBrMct7Bwnr6cQ/m.jpg,Gangnam Jinhaejang,"강남진해장': 'Gangnam Jinhaejang',"
강남,식당/맛집,식당/맛집 2위,하이디라오 서초지점,강남하이디라오,3450,https://i.pinimg.com/originals/0b/ac/de/0bacde7560cdc1ec51cab3c6905e5689.jpg,Haidilao Seocho,"하이디라오 서초지점': 'Haidilao Seocho',"
강남,식당/맛집,식당/맛집 3위,강남떡도리탕,강남떡도리탕,2840,http://img.ezmember.co.kr/cache/board/2014/05/17/c3da6a4944fee6c3716cb8522f9bf7e5.jpg,Gangnam Tteokdoritang,"강남떡도리탕': 'Gangnam Tteokdoritang',"
강남,식당/맛집,식당/맛집 4위,알부자 강남본점,강남알부자,1300,https://pup-post-phinf.pstatic.net/MjAyNjAxMTVfMTYz/MDAxNzY4NDQ2OTY3NTEx.jYZ2bFDYz1jiOfMzWWC5qS71Mzw8tKEpPijRrhi93d0g.lIHDqhN2epkwrqXwdun1s-y5nxcAsn2VYeoVfAwZjx8g.JPEG/9FD872AE-BA4B-4FA6-A67D-DA171702119E.jpg,Albuja Gangnam Main Store,"알부자 강남본점': 'Albuja Gangnam Main Store',"
강남,식당/맛집,식당/맛집 5위,땀땀,강남땀땀,1060,https://mdpqzcwamhzxybldvctr.supabase.co/storage/v1/object/public/popup-photos/ddamddam_g.jpg,TamTam,"땀땀': 'TamTam',"
강남,식당/맛집,식당/맛집 6위,강남쿄코코,강남쿄코코,940,https://d12zq4w4guyljn.cloudfront.net/20260118123902_photo1_6ea1c47d50fc.webp,Gangnam Kyokoko,"강남쿄코코': 'Gangnam Kyokoko',"
강남,식당/맛집,식당/맛집 7위,다몽집 | damongzip,강남다몽집,770,https://img.siksinhot.com/place/1712030464248575.jpg,Damongzip,"다몽집 | damongzip': 'Damongzip',"
강남,식당/맛집,식당/맛집 8위,강남소보키,강남소보키,600,https://ldb-phinf.pstatic.net/20230324_205/16796180258639AetM_JPEG/IMG_2836.JPG,Gangnam Soboki,"강남소보키': 'Gangnam Soboki',"
강남,식당/맛집,식당/맛집 9위,강남고메램,강남고메램,560,https://img.siksinhot.com/place/1676253407148473.jpg,Gangnam Gourmet Lamb,"강남고메램': 'Gangnam Gourmet Lamb',"
강남,식당/맛집,식당/맛집 10위,강남화기애애,강남화기애애,510,https://image-logo.alba.kr/%2Fdata_image2%2Fcomlogo%2F202206%2F2022061414145734883_0_m.jpg,Gangnam Hwagiaeae,"강남화기애애': 'Gangnam Hwagiaeae',"
강남,카페/베이커리,카페/베이커리 1위,트리오드,강남트리오드,880,https://image.board.sbs.co.kr/2023/06/06/5XV1686061675870-600.jpg,Triode,"트리오드': 'Triode',"
강남,카페/베이커리,카페/베이커리 2위,알베르 강남,강남알베르,860,https://images.mypetlife.co.kr/map/content/uploads/2019/05/06230629/alver-5-1024x768.jpg,Alver Gangnam,"알베르 강남': 'Alver Gangnam',"
강남,카페/베이커리,카페/베이커리 3위,퍼스트커피랩,강남퍼스트커피랩,720,https://ldb-phinf.pstatic.net/20241124_198/1732450525109SrEKr_JPEG/KakaoTalk_20241014_124226074_01.jpg,First Coffee Lab,"퍼스트커피랩': 'First Coffee Lab',"
강남,카페/베이커리,카페/베이커리 4위,썸띵어바웃커피,강남썸띵어바웃커피,480,https://pup-post-phinf.pstatic.net/MjAyNjAxMDZfMTMw/MDAxNzY3Njc2ODM2MTY4.AuY6jPNcqWTYIZp8bA4Zb6AcqK5K9A8CyY4cKbx_hFsg.uua7d5g53R3Bn5N3m5hsGHapBTyJ70g5WjafQ3O3od0g.JPEG/POST_IMAGE_ENCODING_20260106_142034_143.jpg,Something About Coffee,"썸띵어바웃커피': 'Something About Coffee',"
강남,카페/베이커리,카페/베이커리 5위,강남호랑가시,강남호랑가시,470,https://pup-post-phinf.pstatic.net/MjAyNTExMjNfODAg/MDAxNzYzODc0NzU0OTky.koQKA1FvqVjYPMxv-owYjGZID3pdaTWFRIvMrSW3z-Eg.SsRr_2zwDXOPIaIicsSIKyY88p39ollx1FFy3SrmIMAg.JPEG/POST_IMAGE_ENCODING_20251123_141231_606.jpg,Gangnam Horanggasi,"강남호랑가시': 'Gangnam Horanggasi',"
강남,카페/베이커리,카페/베이커리 6위,강남한과와락,강남한과와락,450,https://mdpqzcwamhzxybldvctr.supabase.co/storage/v1/object/public/popup-photos/hangwa_g.jpg,Gangnam Hangwa Warak,"강남한과와락': 'Gangnam Hangwa Warak',"
강남,카페/베이커리,카페/베이커리 7위,힉스커피(HIGGS COFFEE),강남힉스커피,390,https://pup-post-phinf.pstatic.net/MjAyNjAyMDJfMjAz/MDAxNzcwMDAyNDk1MDIw.wwze2iWUL3XqkS0sSAdHLXr6IC9_BCpUlquDO-9qgy4g.vvT98ulOvnhElwDy-72yoqNSn8em99KNEhYwUqNcfkIg.JPEG/POST_IMAGE_ENCODING_20260202_122134_680.jpg,HIGGS COFFEE,"힉스커피(HIGGS COFFEE)': 'HIGGS COFFEE',"
강남,카페/베이커리,카페/베이커리 8위,까치화방 카페 강남점 CACHI CAFE GANGNAM 江南?カフェ 江南站???,강남까치화방,330,https://www.diningcode.com/_next/image?url=https%3A%2F%2Fd12zq4w4guyljn.cloudfront.net%2F750_750_20231106043239182_photo_b2183f72f9fb.jpg&w=1080&q=75,Cachi Cafe Gangnam,"까치화방 카페 강남점 CACHI CAFE GANGNAM 江南?カフェ 江南站???': 'Cachi Cafe Gangnam',"
강남,카페/베이커리,카페/베이커리 9위,라브리크,강남라브리크,320,https://mdpqzcwamhzxybldvctr.supabase.co/storage/v1/object/public/popup-photos/labric_g.jpg,Labrique,"라브리크': 'Labrique',"
잠실,카페/베이커리,카페/베이커리 10위,커피빈 강남대로점,강남커피빈,310,https://ldb-phinf.pstatic.net/20201124_155/1606211204461JGr1V_JPEG/eaDqyEvHjIa5MQWRXT0e71KZ.jpg,The Coffee Bean & Tea Leaf Gangnam-daero,"커피빈 강남대로점': 'The Coffee Bean & Tea Leaf Gangnam-daero',"
잠실,쇼핑/문화,쇼핑/문화 1위,롯데월드몰,잠실롯데월드몰,82540,http://imgnews.naver.net/image/052/2017/04/03/201704030821541684_img_7_20170409130305442.jpg,Lotte World Mall,"롯데월드몰': 'Lotte World Mall',"
잠실,쇼핑/문화,쇼핑/문화 2위,롯데월드,잠실롯데월드,10460,https://i.namu.wiki/i/9J-Iun6q6EqQ1ertADkKJWgWCzwLzh0mrFsy8inLtRMEBBJZxVMp8DLZckO8zooJjN9J-0u0v-yIV_sgh9XTkg.webp,Lotte World,"롯데월드': 'Lotte World',"
잠실,쇼핑/문화,쇼핑/문화 3위,석촌호수,잠실석촌호수,3340,http://imgnews.naver.net/image/001/2016/04/04/AKR20160404037100004_01_i_99_20160404092311.jpg,Seokchon Lake,"석촌호수': 'Seokchon Lake',"
잠실,쇼핑/문화,쇼핑/문화 4위,자라 롯데월드몰점,잠실자라,2800,http://imgnews.naver.net/image/5575/2022/05/20/0000287314_002_20220520113202675.jpg,ZARA Lotte World Mall,"자라 롯데월드몰점': 'ZARA Lotte World Mall',"
잠실,쇼핑/문화,쇼핑/문화 5위,다이소 송파구청점,잠실다이소,2660,https://ldb-phinf.pstatic.net/20200713_164/1594596762653CDJwE_JPEG/i9nrSpcaDeGxZiZ-asMTn58v.jpg,Daiso Songpa District Office,"다이소 송파구청점': 'Daiso Songpa District Office',"
잠실,쇼핑/문화,쇼핑/문화 6위,진저베어,잠실진저베어,1400,https://d2u3dcdbebyaiu.cloudfront.net/uploads/atch_img/483/074eb037aac493d5ba48f7d6108d92f2_res.jpeg,Ginger Bear,"진저베어': 'Ginger Bear',"
잠실,쇼핑/문화,쇼핑/문화 7위,롯데뮤지엄,잠실롯데뮤지엄,1210,http://imgnews.naver.net/image/5410/2018/01/26/0000030260_001_20180126103202590.jpg,Lotte Museum,"롯데뮤지엄': 'Lotte Museum',"
잠실,쇼핑/문화,쇼핑/문화 8위,롯데월드타워,잠실롯데월드타워,850,https://i.namu.wiki/i/HTkbaMREQftJmuuTL7ifsqalgP7LrmBcEL-MYnlyocJnukrfUYvUUkiQR6wFichA6Mca1KwYuIEVYeEYNNQNjg.webp,Lotte World Tower,"롯데월드타워': 'Lotte World Tower',"
잠실,쇼핑/문화,쇼핑/문화 9위,도토리숲 (지브리샵),잠실도토리숲,350,https://ak-d.tripcdn.com/images/1i61h1200092gvdr1CADD_W_670_10000.jpg?proc=source/trip,Ghibli Shop Dotori Forest,"도토리숲 (지브리샵)': 'Ghibli Shop Dotori Forest',"
잠실,쇼핑/문화,쇼핑/문화 10위,COS,잠실COS,230,http://fpost.co.kr/board/data/editor/2309/678719dbb0226eaf000e055c46c1d504_1695342477_6972.jpg,COS,"COS': 'COS',"
잠실,식당/맛집,식당/맛집 1위,바이킹스워프 VIKING'S WHARF 잠실 헤리티지점 Jamsil Heritage,잠실바이킹스워프,3450,http://c2.poing.co.kr/PIMAGE-original/MjAxNjEx/147969543358325c49800a6.jpeg,VIKING'S WHARF Jamsil Heritage,"바이킹스워프 VIKING'S WHARF 잠실 헤리티지점 Jamsil Heritage': 'VIKING'S WHARF Jamsil Heritage',"
잠실,식당/맛집,식당/맛집 2위,애슐리퀸즈 잠실롯데캐슬점,잠실애슐리퀸즈,2390,https://ssproxy.ucloudbiz.olleh.com/v1/AUTH_e59809eb-bdc9-44d7-9d8f-2e7f0e47ba91/uploads/ds_9674_1569822144czjqIwL.jpg,Ashley Queens Jamsil Lotte Castle,"애슐리퀸즈 잠실롯데캐슬점': 'Ashley Queens Jamsil Lotte Castle',"
잠실,식당/맛집,식당/맛집 3위,잠실빌즈,잠실빌즈,2080,http://c2.poing.co.kr/PIMAGE-original/MjAxNjEx/147969553358325cad04759.jpeg,Bills Jamsil,"잠실빌즈': 'Bills Jamsil',"
잠실,식당/맛집,식당/맛집 4위,잠실MIP,잠실MIP,2060,https://dthumb-phinf.pstatic.net/?src=%22https://mblogthumb-phinf.pstatic.net/MjAyMjA3MTZfMjcw/MDAxNjU3OTcyMjM0ODcx.khttiKARCWRU9dytzqVKYCJZ8vwq_1wo3Be91ebV2qEg.Sgt0CVn3W9RostBXfcAVHB8Om6lPWtcBAKYeK5vNpoUg.JPEG.gyrudp/%25B9%25D329.JPG?type=w800%22&opts=2&twidth=700&theight=700,MIP Jamsil,"잠실MIP': 'MIP Jamsil',"
잠실,식당/맛집,식당/맛집 5위,별미곱창,잠실별미곱창,1750,https://d12zq4w4guyljn.cloudfront.net/20250907092843_photo1_3236b00bc262.webp,Byeolmi Gopchang,"별미곱창': 'Byeolmi Gopchang',"
잠실,식당/맛집,식당/맛집 6위,잠실메밀집,잠실메밀집,1590,https://d12zq4w4guyljn.cloudfront.net/20260225150340_photo1_6a4c2d126da1.webp,Jamsil Memil-jip,"잠실메밀집': 'Jamsil Memil-jip',"
잠실,식당/맛집,식당/맛집 7위,쌤쌤쌤 롯데월드몰점,잠실쌤쌤쌤,1470,http://imgnews.naver.net/image/5875/2024/05/31/0000023643_001_20240531145215655.png,Sam Sam Sam Lotte World Mall,"쌤쌤쌤 롯데월드몰점': 'Sam Sam Sam Lotte World Mall',"
잠실,식당/맛집,식당/맛집 8위,잠실아그라,잠실아그라,1220,https://ldb-phinf.pstatic.net/20210306_209/1615039606709oisN2_JPEG/vQKW88T45HVykXPpUuhi7ClL.jpeg.jpg,Agra Jamsil,"잠실아그라': 'Agra Jamsil',"
잠실,식당/맛집,식당/맛집 9위,잠실오레노라멘,잠실오레노라멘,1090,https://d12zq4w4guyljn.cloudfront.net/20260202073730_photo3_69bc35ed1eb7.webp,Oreno Ramen Jamsil,"잠실오레노라멘': 'Oreno Ramen Jamsil',"
잠실,식당/맛집,식당/맛집 10위,단디,잠실단디,940,https://c5.poing.co.kr/original/MjAyMDAy/15819823245e4b22749f534.jpeg,Dandi,"단디': 'Dandi',"
잠실,카페/베이커리,카페/베이커리 1위,잠실우프,잠실우프,2400,https://d2uja84sd90jmv.cloudfront.net/posts/Jd5iyB_fT3INhgYlwcnDPg/ms.jpg,Oof Jamsil,"잠실우프': 'Oof Jamsil',"
잠실,카페/베이커리,카페/베이커리 2위,잠실미크,잠실미크,1380,https://d12zq4w4guyljn.cloudfront.net/20251101084846871_photo_1bb8d81cc193.webp,Meak Jamsil,"잠실미크': 'Meak Jamsil',"
잠실,카페/베이커리,카페/베이커리 3위,잠실봉땅,잠실봉땅,1230,http://imgnews.naver.net/image/5691/2021/07/07/0000004120_020_20210707154630308.jpg,Bontemps Jamsil,"잠실봉땅': 'Bontemps Jamsil',"
잠실,카페/베이커리,카페/베이커리 4위,잠실터틀힙,잠실터틀힙,970,https://ldb-phinf.pstatic.net/20251117_298/1763364864832TpNY6_JPEG/KakaoTalk_20251117_161723159_01.jpg,Turtlehip Jamsil,"잠실터틀힙': 'Turtlehip Jamsil',"
잠실,카페/베이커리,카페/베이커리 5위,잠실뷰클런즈,잠실뷰클런즈,910,https://ldb-phinf.pstatic.net/20230704_92/1688454072186I9jQr_JPEG/KakaoTalk_20220917_193618122_05.jpg,Viewclanz Jamsil,"잠실뷰클런즈': 'Viewclanz Jamsil',"
잠실,카페/베이커리,카페/베이커리 6위,잠실키친205,잠실키친205,890,https://www.diningcode.com/_next/image?url=https%3A%2F%2Fd12zq4w4guyljn.cloudfront.net%2F750_750_20230225184611_photo2_b7439ed19942.jpg&w=1080&q=75,Kitchen 205 Jamsil,"잠실키친205': 'Kitchen 205 Jamsil',"
잠실,카페/베이커리,카페/베이커리 7위,잠실디저티스트,잠실디저티스트,810,https://img1.daumcdn.net/thumb/R1280x0.fwebp/?fname=http://t1.daumcdn.net/brunch/service/user/gXJh/image/G0lV8zqdfHTSC_v9-ZKvpe1_5-Q.jpeg,Dessertist Jamsil,"잠실디저티스트': 'Dessertist Jamsil',"
잠실,카페/베이커리,카페/베이커리 8위,잠실로얄테라스가든,잠실로얄테라스가든,790,https://d12zq4w4guyljn.cloudfront.net/20240909110520718_photo_db24952bbb62.webp,Royal Terrace Garden Jamsil,"잠실로얄테라스가든': 'Royal Terrace Garden Jamsil',"
잠실,카페/베이커리,카페/베이커리 9위,노티드 잠실롯데월드몰 ? Cafe Knotted Jamsil Lotte World Mall ? カフェ ノ?ティッド ?室ロッテワ?ルドモ?ル店,잠실노티드,700,http://imgnews.naver.net/image/5641/2023/03/31/2023033180081_0_20230331112602662.jpg,Cafe Knotted Jamsil Lotte World Mall,"노티드 잠실롯데월드몰 ? Cafe Knotted Jamsil Lotte World Mall ? カフェ ノ?ティッド ?室ロッテワ?ルドモ?ル店': 'Cafe Knotted Jamsil Lotte World Mall',"
잠실,카페/베이커리,카페/베이커리 10위,잠실이성당,잠실이성당,680,http://imgnews.naver.net/image/396/2014/05/01/20140501020408_0_59_20140501103012.jpg,Lee Sung Dang Jamsil,"잠실이성당': 'Lee Sung Dang Jamsil',"
압구정,쇼핑/문화,쇼핑/문화 1위,파티클,압구정파티클,120,https://file.bodnara.co.kr/logo/insidelogo.php?image=%2Fhttps%3A%2F%2Ffile.bodnara.co.kr%2Fwebedit%2Fnews%2F2015%2F1749789635-xe5a.jpg,Particle,"파티클': 'Particle',"
압구정,쇼핑/문화,쇼핑/문화 2위,스튜디오 더수트,압구정스튜디오,120,http://imgnews.naver.net/image/5197/2022/09/27/0000054868_001_20220927104601537.jpg,Studio The Suit,"스튜디오 더수트': 'Studio The Suit',"
압구정,쇼핑/문화,쇼핑/문화 3위,K현대미술관,압구정현대미술관,40,http://imgnews.naver.net/image/5312/2017/02/03/0000079184_001_20170203125148941.jpg,K Museum of Contemporary Art,"K현대미술관': 'K Museum of Contemporary Art',"
압구정,쇼핑/문화,쇼핑/문화 4위,피규어뮤지엄w,압구정피규어뮤지엄,40,http://imgnews.naver.net/image/442/2015/02/27/i1669349205_99_20150227184303.jpg,Figure Museum W,"피규어뮤지엄w': 'Figure Museum W',"
압구정,쇼핑/문화,쇼핑/문화 5위,위글위글집 도산,압구정위글위글집,20,https://date.shopma.net/images/cosajin/202304/20230420092450intromanhr.png,Wiggle Wiggle Zip Dosan,"위글위글집 도산': 'Wiggle Wiggle Zip Dosan',"
압구정,쇼핑/문화,쇼핑/문화 6위,도산 안창호 기념관 & 기념사업회,압구정안창호,20,https://mediahub.seoul.go.kr/uploads/mediahub/2023/03/gJEAjIrjRvVVLZYItBCEYZbkutPswnNB.jpg,Dosan Ahn Chang-ho Memorial Hall,"도산 안창호 기념관 & 기념사업회': 'Dosan Ahn Chang-ho Memorial Hall',"
압구정,쇼핑/문화,쇼핑/문화 7위,호림박물관 신사분관,압구정호림박물관,20,https://i.namu.wiki/i/N1g7_rDuPNp0BVSwbkUOymDISkIyVGuPP6WUCMGNn4JBrFIA1i7TksTE3MLGDePUsvZTGgT4LNM9O5gv3Mjnbg.svg,Horim Museum Sinsa Annex,"호림박물관 신사분관': 'Horim Museum Sinsa Annex',"
압구정,쇼핑/문화,쇼핑/문화 8위,쎄덱 강남점,압구정쎄덱,20,http://thumbnail.10x10.co.kr/webimage/image/add3_600/134/A001342209_03-1.jpg?cmd=thumb&w=500&h=500&fit=true&ws=false,SEDEC Gangnam,"쎄덱 강남점': 'SEDEC Gangnam',"
압구정,쇼핑/문화,쇼핑/문화 9위,갤러리원,압구정갤러리원,20,https://tong.visitkorea.or.kr/cms/resource/77/683577_image2_1.jpg,Gallery Won,"갤러리원': 'Gallery Won',"
압구정,쇼핑/문화,쇼핑/문화 10위,수트서플라이 청담점,압구정수트서플라이,20,http://imgnews.naver.net/image/5272/2021/01/19/0000037164_001_20210119112519620..jpg,Suitsupply Cheongdam,"수트서플라이 청담점': 'Suitsupply Cheongdam',"
압구정,식당/맛집,식당/맛집 1위,압구정하루,압구정하루,3450,https://d2uja84sd90jmv.cloudfront.net/posts/piuNWWiiN68edfnDXYfz1Q/ms.jpg,Apgujung Haru,"압구정하루': 'Apgujung Haru',"
압구정,식당/맛집,식당/맛집 2위,묵전,압구정묵전,1970,https://i.pinimg.com/originals/e6/7f/da/e67fdac7406446691de6e62344f765ed.jpg,Mukjeon,"묵전': 'Mukjeon',"
압구정,식당/맛집,식당/맛집 3위,신미식당,압구정신미식당,1670,https://metizen.co.kr/wp-content/uploads/2024/06/%EC%8B%A0%EB%AF%B8%EC%8B%9D%EB%8B%B9_5.jpg,Sinmi Restaurant,"신미식당': 'Sinmi Restaurant',"
압구정,식당/맛집,식당/맛집 4위,압구정제주집,압구정제주집,1620,https://ldb-phinf.pstatic.net/20240823_290/1724408549239AjXWk_PNG/055A1053.png,Apgujung Jeju-jip,"압구정제주집': 'Apgujung Jeju-jip',"
압구정,식당/맛집,식당/맛집 5위,까폼 ?????? Krappom,압구정까폼,1470,https://d12zq4w4guyljn.cloudfront.net/750_750_20260111102249_photo1_69bc35ed1eb7.webp,Krappom,"까폼 ?????? Krappom': 'Krappom',"
압구정,식당/맛집,식당/맛집 6위,압구정연탄공장,압구정연탄공장,1230,http://imgnews.naver.net/image/5772/2024/06/29/0000037294_002_20240629060013979.jpg,Apgujung Yeontan Gongjang,"압구정연탄공장': 'Apgujung Yeontan Gongjang',"
압구정,식당/맛집,식당/맛집 7위,닭으로가 압구정 본점,압구정닭으로가,1080,https://ldb-phinf.pstatic.net/20201025_140/1603631931013o62M8_JPEG/1QJ7iVow_CMLG85xAcJmzCT2.jpg,Dakuroga Apgujung Main Store,"닭으로가 압구정 본점': 'Dakuroga Apgujung Main Store',"
압구정,식당/맛집,식당/맛집 8위,한일관 압구정점,압구정한일관,1050,http://imgnews.naver.net/image/5358/2017/10/21/0000152711_001_20171021225031253.jpg,Hanilkwan Apgujung,"한일관 압구정점': 'Hanilkwan Apgujung',"
압구정,식당/맛집,식당/맛집 9위,압구정도슬박,압구정도슬박,880,https://img.siksinhot.com/place/1696388702937191.jpg,Apgujung Doseulbak,"압구정도슬박': 'Apgujung Doseulbak',"
압구정,식당/맛집,식당/맛집 10위,어성일식,압구정어성일식,820,https://img.siksinhot.com/place/1674972930330057.jpg,Eoseong Ilsik,"어성일식': 'Eoseong Ilsik',"
압구정,카페/베이커리,카페/베이커리 1위,부케 드 뺑,부케드뺑,8120,https://ldb-phinf.pstatic.net/20250811_211/1754888688653nWtDQ_JPEG/DSC02000.JPG,Bouquet de Pain,"부케 드 뺑': 'Bouquet de Pain',"
압구정,카페/베이커리,카페/베이커리 2위,압구정투아투아,압구정투아투아,1440,https://mdpqzcwamhzxybldvctr.supabase.co/storage/v1/object/public/popup-photos/tuatua_a.jpg,Apgujung Tua Tua,"압구정투아투아': 'Apgujung Tua Tua',"
압구정,카페/베이커리,카페/베이커리 3위,압구정이웃집통통이,압구정이웃집통통이,510,https://mdpqzcwamhzxybldvctr.supabase.co/storage/v1/object/public/popup-photos/tonton.jpg,Apgujung Tonton,"압구정이웃집통통이': 'Apgujung Tonton',"
압구정,카페/베이커리,카페/베이커리 4위,커피빈 압구정로데오점,압구정커피빈,270,https://d2uja84sd90jmv.cloudfront.net/posts/vAEYCnBVAWUSu9gNa157MQ/ms.jpg,The Coffee Bean & Tea Leaf Apgujung Rodeo,"커피빈 압구정로데오점': 'The Coffee Bean & Tea Leaf Apgujung Rodeo',"
압구정,카페/베이커리,카페/베이커리 5위,노아베이커리 압구정점,압구정노아베이커리,220,https://ldb-phinf.pstatic.net/20210107_61/1609983352391XHcUq_JPEG/KakaoTalk_20210106_175706889_02.jpg,Noah Bakery Apgujung,"노아베이커리 압구정점': 'Noah Bakery Apgujung',"
압구정,카페/베이커리,카페/베이커리 6위,블루보틀 압구정 카페,압구정블루보틀,190,https://i.namu.wiki/i/2YtznSxyQAqp4bcBgpPS8qiL6hqZuFNEQ2WWh4jqiOyT2mfIGrgP4eaQw1qcqdaqWxhWnNkNTOULk6tqFSIb_A.webp,Blue Bottle Coffee Apgujung,"블루보틀 압구정 카페': 'Blue Bottle Coffee Apgujung',"
압구정,카페/베이커리,카페/베이커리 7위,플링크 압구정 Flink Apgujung,압구정플링크,190,https://img1.daumcdn.net/thumb/R1280x0.fjpg/?fname=http://t1.daumcdn.net/brunch/service/user/7qac/image/Ty8bpryQUTkF3T0GHEdbaM9ycfw.jpg,Flink Apgujung,"플링크 압구정 Flink Apgujung': 'Flink Apgujung',"
압구정,카페/베이커리,카페/베이커리 8위,무니 압구정본점,압구정무니,180,https://ak-d.tripcdn.com/images/1i64h2224s0ibpbteF947_W_670_10000.jpg?proc=source/trip,Moonee Apgujung Main Store,"무니 압구정본점': 'Moonee Apgujung Main Store',"
압구정,카페/베이커리,카페/베이커리 9위,카멜커피 도산점,압구정카멜커피,140,https://img1.daumcdn.net/thumb/R1280x0.fjpg/?fname=http://t1.daumcdn.net/brunch/service/user/gXJh/image/gueFF-vpeqF31Z9vXDLtWYXzDKE.jpg,Camel Coffee Dosan,"카멜커피 도산점': 'Camel Coffee Dosan',"
압구정,카페/베이커리,카페/베이커리 10위,폴바셋 현대모터스튜디오서울점,압구정폴바셋,140,https://dcimg1.dcinside.com/viewimage.php?no=24b0d769e1d32ca73cee8efa11d02831b169fb2255dcc071d46251c583fd82751ede7fbb72627f20eabda27f24e1b01208b9c0ea9f9277b1bee3c87dd2ea5d034e722ca634e3d76130dc5b27ec415677aaf36316634886b1a85f0674a46c7c,Paul Bassett Hyundai Motorstudio Seoul,"폴바셋 현대모터스튜디오서울점': 'Paul Bassett Hyundai Motorstudio Seoul',"
을지로,쇼핑/문화,쇼핑/문화 1위,마인띵스,을지로마인띵스,160,https://d2uja84sd90jmv.cloudfront.net/posts/jX-XwLT8yv9oVgROtVS8Kg/ms.jpg,Mind Things,"마인띵스': 'Mind Things',"
을지로,쇼핑/문화,쇼핑/문화 2위,광장시장,을지로광장시장,60,https://img1.daumcdn.net/thumb/R1280x0.fjpg/?fname=http://t1.daumcdn.net/brunch/service/user/1bCl/image/5jPGIqyDmSOY-2FCSOKHWhT2HSc.jpg,Gwangjang Market,"광장시장': 'Gwangjang Market',"
을지로,쇼핑/문화,쇼핑/문화 3위,뉴뉴 명동점,을지로뉴뉴,40,https://image.ohou.se/i/bucketplace-v2-development/uploads/cards/snapshots/171172153220327576.jpeg?gif=1&w=360&h=360&c=c,NYUNYU Myeongdong,"뉴뉴 명동점': 'NYUNYU Myeongdong',"
을지로,쇼핑/문화,쇼핑/문화 4위,남산골한옥마을,을지로남산골한옥마을,20,https://img1.daumcdn.net/thumb/R1280x0.fjpg/?fname=http://t1.daumcdn.net/brunch/service/user/3xdL/image/q_fXxElvQFHroPMizCgTDVpBtNA.jpg,Namsangol Hanok Village,"남산골한옥마을': 'Namsangol Hanok Village',"
을지로,쇼핑/문화,쇼핑/문화 5위,한국의 집,을지로한국의,20,https://i.pinimg.com/originals/f4/9d/0f/f49d0fa4cc724bde4d8cade43f2e416b.jpg,Korea House,"한국의 집': 'Korea House',"
을지로,쇼핑/문화,쇼핑/문화 6위,믹순 플래그십 스토어 명동 (Mixsoon Flagship Store),을지로믹순플래그십스토어명동,20,http://imgnews.naver.net/image/003/2015/01/27/NISI20150127_0010568200_web_99_20150127102010.jpg,Mixsoon Flagship Store Myeongdong,"믹순 플래그십 스토어 명동 (Mixsoon Flagship Store)': 'Mixsoon Flagship Store Myeongdong',"
을지로,쇼핑/문화,쇼핑/문화 7위,BALBAL VINTAGE,을지로BALBAL,20,https://picsum.photos/seed/ChIJ_U25gA6lfDURRrQWPfTv0UY/400/400,BALBAL VINTAGE,"BALBAL VINTAGE': 'BALBAL VINTAGE',"
을지로,쇼핑/문화,쇼핑/문화 8위,명동관광정보센터,을지로명동관광정보센터,20,https://image.kkday.com/v2/image/get/w_720%2Ch_540%2Cc_fill%2Cq_55%2Ct_jpg/s1.kkday.com/poi_69605/20210809060004_0aSpr/jpg,Myeongdong Tourist Information Center,"명동관광정보센터': 'Myeongdong Tourist Information Center',"
을지로,쇼핑/문화,쇼핑/문화 9위,코닥 광장마켓점,을지로코닥,20,http://imgnews.naver.net/image/5126/2020/08/07/0000147006_001_20200807070009514.jpg,Kodak Gwangjang Market,"코닥 광장마켓점': 'Kodak Gwangjang Market',"
을지로,쇼핑/문화,쇼핑/문화 10위,사뿐 명동스테이지,을지로사뿐,20,https://ldb-phinf.pstatic.net/20220829_127/1661740591730wjtrL_JPEG/20220812_185026.jpg,Sappun Myeongdong Stage,"사뿐 명동스테이지': 'Sappun Myeongdong Stage',"
을지로,식당/맛집,식당/맛집 1위,을지다락,을지다락,10830,https://ldb-phinf.pstatic.net/20210817_118/1629180607383Ig5fL_JPEG/r60SJCrIc6eWZ__9w4bBWRiC.jpg,Euljidarak,"을지다락': 'Euljidarak',"
을지로,식당/맛집,식당/맛집 2위,을지깐깐,을지깐깐,10050,https://ssproxy.ucloudbiz.olleh.com/v1/AUTH_e59809eb-bdc9-44d7-9d8f-2e7f0e47ba91/uploads/ds_37831_634e4b3f8bfb8.jpg,Euljikankan,"을지깐깐': 'Euljikankan',"
을지로,식당/맛집,식당/맛집 3위,진작,을지로진작,2030,https://img1.daumcdn.net/thumb/R1280x0.fwebp/?fname=http://t1.daumcdn.net/brunch/service/user/3jze/image/n55rBp4GCEgzVJm6cQEw0njKjtQ,Jinjak,"진작': 'Jinjak',"
을지로,식당/맛집,식당/맛집 4위,을지로오덕장,을지로오덕장,1240,https://d2uja84sd90jmv.cloudfront.net/posts/12_FV3FkuFczVGXiZ5bHEw/ms.jpg,Euljiro Odeokjang,"을지로오덕장': 'Euljiro Odeokjang',"
을지로,식당/맛집,식당/맛집 5위,전주집,을지로전주집,1020,https://img.siksinhot.com/place/1671004769401373.jpg,Jeonju-jip,"전주집': 'Jeonju-jip',"
을지로,식당/맛집,식당/맛집 6위,오봉집 종로점,을지로오봉집,580,https://d12zq4w4guyljn.cloudfront.net/20250102011134_photo1_b41c2b524222.webp,Obong-jip Jongno,"오봉집 종로점': 'Obong-jip Jongno',"
을지로,식당/맛집,식당/맛집 7위,빠삼,을지로빠삼,460,https://ldb-phinf.pstatic.net/20251108_23/1762588518660ezMAK_JPEG/IMG_2565.jpeg,Bbassam,"빠삼': 'Bbassam',"
을지로,식당/맛집,식당/맛집 8위,이남장 명동점,을지로이남장,430,https://d2u3dcdbebyaiu.cloudfront.net/uploads/atch_img/39/1db409a77a4b700bd30bf3bcfade1111_res.jpeg,Inamjang Myeongdong,"이남장 명동점': 'Inamjang Myeongdong',"
을지로,식당/맛집,식당/맛집 9위,을지로다케오호르몬,을지로다케오호르몬,430,https://img.siksinhot.com/place/1676264005645654.jpg,Euljiro Takeo Hormone,"을지로다케오호르몬': 'Euljiro Takeo Hormone',"
을지로,식당/맛집,식당/맛집 10위,청기와타운 을지로점,을지로청기와타운,300,https://ldb-phinf.pstatic.net/20230712_220/1689094182419HEmKu_JPEG/%C3%BB%B1%E2%BF%CD%C5%B8%BF%EE_%C7%C3%B7%B9%C0%CC%BD%BA_%BA%B8%C1%A4%C0%BB%C1%F6%B7%CE01.jpg,Cheonggiwa Town Euljiro,"청기와타운 을지로점': 'Cheonggiwa Town Euljiro',"
을지로,카페/베이커리,카페/베이커리 1위,커피한약방,을지로커피한약방,1490,https://img1.daumcdn.net/thumb/R1280x0.fjpg/?fname=http://t1.daumcdn.net/brunch/service/user/1bFb/image/4d5_JGqdoU11-gKjykBbZrkLFfM.jpg,Coffee Hanyakbang,"커피한약방': 'Coffee Hanyakbang',"
을지로,카페/베이커리,카페/베이커리 2위,혜민당,을지로혜민당,1480,https://lh3.googleusercontent.com/gps-cs-s/AHVAweo_OKpZapGdFBZaRO92JPf8tgYFBrzI4D9o3ctYR1ZUnNv2ckcmVh4o6QyCQl4yhRriPW0UVHjmF-zrUR_A11vSOCfcwNdU3qjADh1TF3inHIkELzBm2SDkWQPxeZNSgKWnk1ip=w408-h714-k-no,Hyemindang,"혜민당': 'Hyemindang',"
을지로,카페/베이커리,카페/베이커리 3위,을지로공간갑,을지로공간갑,750,https://lh3.googleusercontent.com/gps-cs-s/AHVAweqQj6_-eBWlmDVFAAMKHFDa0lSfAnkyG3zBa0N-0u62ThEv8lMiggoKp3qEl4w2V9DSIt-D2l2IcjDCc1f5Jxh-KHNd1C25X-wv5MmirXCkh-uR1I8zL3iVXOtkKVBXBinD2lOq4kydp6Y=w408-h306-k-no,Euljiro Gonggangap,"을지로공간갑': 'Euljiro Gonggangap',"
을지로,카페/베이커리,카페/베이커리 4위,을지로빠우,을지로빠우,510,https://lh3.googleusercontent.com/gps-cs-s/AHVAwepBj5tmqSl4WyCijyWBdXY806odXeLa7Cek8bR4MYLRUqalnxvY48Wl04me6DWiLqtPM9HVh6HTqo9Ax_TZm-LIW5yXASdSj4eJ6_M-7Ik2mwHwQFCHAmwYgcrANAyqmXXqOHBy=w408-h592-k-no,Euljiro Ppau,"을지로빠우': 'Euljiro Ppau',"
을지로,카페/베이커리,카페/베이커리 5위,아소토베이커리,을지로아소토베이커리,270,https://img.siksinhot.com/place/1709871736670327.jpg,Asoto Bakery,"아소토베이커리': 'Asoto Bakery',"
을지로,카페/베이커리,카페/베이커리 6위,을지로콘티뉴이티,을지로콘티뉴이티,260,https://ldb-phinf.pstatic.net/20251110_225/1762765226854rOySp_JPEG/IMG_2777.JPG,Euljiro Continuity,"을지로콘티뉴이티': 'Euljiro Continuity',"
을지로,카페/베이커리,카페/베이커리 7위,그라츠 과자점,을지로그라츠,250,https://img.siksinhot.com/place/1459925403434874.JPEG,Gratz Confectionery,"그라츠 과자점': 'Gratz Confectionery',"
을지로,카페/베이커리,카페/베이커리 8위,챔프커피 을지로,을지로챔프커피,200,http://img1.daumcdn.net/kakaotv/KAKAOACCOUNT/2136915473/thumb/20191117192243,Champ Coffee Euljiro,"챔프커피 을지로': 'Champ Coffee Euljiro',"
을지로,카페/베이커리,카페/베이커리 9위,아티제 센터원점,을지로아티제,50,https://dynamic-media-cdn.tripadvisor.com/media/photo-o/19/bf/d9/27/photo1jpg.jpg?w=1100&h=1100&s=1,Artisee Center1,"아티제 센터원점': 'Artisee Center1',"
을지로,카페/베이커리,카페/베이커리 10위,카페 느티,을지로느티,50,https://ldb-phinf.pstatic.net/20200904_115/1599206176263bqF37_JPEG/nWcej-S-r5RdqFHxUI8MM8FU.jpg,Cafe Neuti,"카페 느티': 'Cafe Neuti',"
이태원,쇼핑/문화,쇼핑/문화 1위,이태원시장,이태원시장,1430,http://www.traveli.co.kr/repository/look/contents/L20150601105057l1.jpg,Itaewon Market,"이태원시장': 'Itaewon Market',"
이태원,쇼핑/문화,쇼핑/문화 2위,노스비치 (NORTH BEACH),이태원노스비치,350,https://tong.visitkorea.or.kr/cms/resource/25/1031725_image2_1.jpg,NORTH BEACH,"노스비치 (NORTH BEACH)': 'NORTH BEACH',"
이태원,쇼핑/문화,쇼핑/문화 3위,현대카드 바이닐 앤 플라스틱,이태원현대카드,310,http://imgnews.naver.net/image/079/2016/06/09/20160609102806588592_99_20160609112604.jpg,Hyundai Card Vinyl & Plastic,"현대카드 바이닐 앤 플라스틱': 'Hyundai Card Vinyl & Plastic',"
이태원,쇼핑/문화,쇼핑/문화 4위,리움미술관,이태원리움미술관,220,https://i.namu.wiki/i/COl_vzrt8-NZcqnf-LsK47ekifQOdETjCi5mBkiVbV5DNOamUxHlw-NZG1fGSni1h_8M4Orht0gL7Mt_n_6qPQ.webp,Leeum Museum of Art,"리움미술관': 'Leeum Museum of Art',"
이태원,쇼핑/문화,쇼핑/문화 5위,이태원관광특구,이태원관광특구,120,http://imgnews.naver.net/image/001/2011/10/13/GYH2011101300140004400_P2.jpg,Itaewon Special Tourist Zone,"이태원관광특구': 'Itaewon Special Tourist Zone',"
이태원,쇼핑/문화,쇼핑/문화 6위,비이커 한남플래그십스토어,이태원비이커,60,https://cdn.eyesmag.com/content/uploads/posts/2022/11/18/main-c38a16cd-b70f-4b80-a6fa-547fddb6b978.jpg,Beaker Hannam Flagship Store,"비이커 한남플래그십스토어': 'Beaker Hannam Flagship Store',"
이태원,쇼핑/문화,쇼핑/문화 7위,이태원 만물상,이태원만물상,60,https://img.siksinhot.com/place/1483334049415821.jpg,Itaewon Manmulsang,"이태원 만물상': 'Itaewon Manmulsang',"
이태원,쇼핑/문화,쇼핑/문화 8위,TWL Shop,이태원TWL,50,https://assets.pbimgs.com/pbimgs/rk/images/dp/wcm/202445/0035/seehorn-handcrafted-ceramic-bowl-c.jpg,TWL Shop,"TWL Shop': 'TWL Shop',"
이태원,쇼핑/문화,쇼핑/문화 9위,COS,이태원COS,30,http://imgnews.naver.net/image/003/2024/08/29/NISI20240829_0001640266_web_20240829115546_20240829163319905.jpg,COS,"COS': 'COS',"
이태원,쇼핑/문화,쇼핑/문화 10위,맥슬러,이태원맥슬러,20,https://cdn2.ppomppu.co.kr/zboard/data3/2016/0506/1462463767_lt9yzYX79b.jpg,Maxler,"맥슬러': 'Maxler',"
이태원,식당/맛집,식당/맛집 1위,이태원사랑방,이태원사랑방,5210,https://ldb-phinf.pstatic.net/20240705_169/17201791189246yPkk_JPEG/KakaoTalk_20240705_203128722.jpg,Itaewon Sarangbang,"이태원사랑방': 'Itaewon Sarangbang',"
이태원,식당/맛집,식당/맛집 2위,이태원맛집 이태원화로 | korean bbq | レストラン | korean bbq restaurant | ?肉,이태원화로,2910,https://img.siksinhot.com/place/1531097916542182.jpg,Itaewon hwaro,"이태원맛집 이태원화로 | korean bbq | レストラン | korean bbq restaurant | ?肉': 'Itaewon hwaro',"
이태원,식당/맛집,식당/맛집 3위,야상해,이태원야상해,1320,https://i.pinimg.com/736x/88/e8/f2/88e8f2dc6503b7cc5c6c685b42444fdd.jpg,Yasanghae,"야상해': 'Yasanghae',"
이태원,식당/맛집,식당/맛집 4위,이태원주식,이태원주식,1190,https://wad-images.catchtable.co.kr/common_img/comm_2452018462290992.webp,Itaewon Jusik,"이태원주식': 'Itaewon Jusik',"
이태원,식당/맛집,식당/맛집 5위,바다식당,이태원바다식당,1050,https://d12zq4w4guyljn.cloudfront.net/20240626011242071_photo_90b2f0c5c016.webp,Bada Restaurant,"바다식당': 'Bada Restaurant',"
이태원,식당/맛집,식당/맛집 6위,바토스 이태원점,이태원바토스,920,https://d2u3dcdbebyaiu.cloudfront.net/uploads/atch_img/694/fd0b44f4292ae6c233a4a1f18bc6007d_res.jpeg,Vatos Itaewon,"바토스 이태원점': 'Vatos Itaewon',"
이태원,식당/맛집,식당/맛집 7위,한우물 | HANWOOMOOL Itaewon | Korean Beef Omakase | 韓? 和牛 オマカセ | ?? ?牛套餐,이태원한우물,900,https://www.diningcode.com/_next/image?url=https%3A%2F%2Fd12zq4w4guyljn.cloudfront.net%2F750_750_20230301041907_photo1_d56e70ce2f1b.jpg&w=1080&q=75,Hanwoomool Itaewon,"한우물 | HANWOOMOOL Itaewon | Korean Beef Omakase | 韓? 和牛 オマカセ | ?? ?牛套餐': 'Hanwoomool Itaewon',"
이태원,식당/맛집,식당/맛집 8위,샘라이언스 이태원,이태원샘라이언스,880,https://d12zq4w4guyljn.cloudfront.net/750_750_20191108104232_photo1_yWq7n26CqVPd.webp,Sam Ryan's Itaewon,"샘라이언스 이태원': 'Sam Ryan's Itaewon',"
이태원,식당/맛집,식당/맛집 9위,Tapasbar Itaewon 타파스바,이태원타파스바,810,https://lh3.googleusercontent.com/p/AF1QipOjW905mhRoIwoxESQwrVhDE6sidpkbMWp5UZ4b=s1600-w1000,Tapasbar Itaewon,"Tapasbar Itaewon 타파스바': 'Tapasbar Itaewon',"
이태원,식당/맛집,식당/맛집 10위,이태원천상 이태원본점,이태원천상,650,https://wishbeen-seoul.s3.ap-northeast-2.amazonaws.com/spot/1373723111851_%EC%8A%A4%ED%81%AC%EB%A6%B0%EC%83%B7%202013-07-13%20%EC%98%A4%ED%9B%84%2010.44.16.png,Itaewon Cheonsang,"이태원천상 이태원본점': 'Itaewon Cheonsang',"
이태원,카페/베이커리,카페/베이커리 1위,KYERI 키에리,이태원키에리,1180,https://img.siksinhot.com/place/1536730527906021.jpg,KYERI,"KYERI 키에리': 'KYERI',"
이태원,카페/베이커리,카페/베이커리 2위,알페도,이태원알페도,1030,https://ak-d.tripcdn.com/images/1mi31224x8zl7mk3pDF01_W_640_0_R5_Q80.jpg?proc=source/trip,Alpedo,"알페도': 'Alpedo',"
이태원,카페/베이커리,카페/베이커리 3위,C?t? jardin (꾸띠자르당),이태원꾸띠자르당,670,https://lh3.googleusercontent.com/gps-cs-s/AHVAweq3G3AAbF1GdBQUGvyy6SxPw_URTYPAGbX8YjHWpf9d8Q-0bwdtZ0IGvZL6oYRHYND25uS6amwDI7efxt9Ni9XAmBwgWC3Qks6yFeVWrX96bflvgpgvBU6FX8AJpmvGkxKd0gFlDIu7udkp=w408-h306-k-no,C?t? Jardin,"C?t? jardin (꾸띠자르당)': 'C?t? Jardin',"
이태원,카페/베이커리,카페/베이커리 4위,미니마이즈,이태원미니마이즈,500,https://d12zq4w4guyljn.cloudfront.net/750_750_20250303102100790_photo_1e074266a6e2.webp,Minimize,"미니마이즈': 'Minimize',"
이태원,카페/베이커리,카페/베이커리 5위,도나르,이태원도나르,390,https://d12zq4w4guyljn.cloudfront.net/20240128062055_photo2_a216a2d86b72.webp,Donar,"도나르': 'Donar',"
이태원,카페/베이커리,카페/베이커리 6위,더미쓰리(The Mi Three),이태원더미쓰리,310,https://d12zq4w4guyljn.cloudfront.net/20241207071518_photo5_EKvyNfsTB5dN.webp,The Mi Three,"더미쓰리(The Mi Three)': 'The Mi Three',"
이태원,카페/베이커리,카페/베이커리 7위,패션5,이태원패션5,270,https://lh3.googleusercontent.com/gps-cs-s/AHVAweqRw-wld78KEcJC0rlo42xKYOZ_5McllRWdrtZNgqX3_x0rJ5TmZ-sDjWxI0pdLJzM3CK0IPLYgayUpc8c17CFNY4etWynffWCcav2SAygv5NHQgZj5OSbYylk2MsrrzsPoAVFr=w408-h544-k-no,Passion 5,"패션5': 'Passion 5',"
이태원,카페/베이커리,카페/베이커리 8위,챔프커피 이태원,이태원챔프커피,250,https://cdn.visitkorea.or.kr/img/call?cmd=VIEW&id=ee31f906-e9af-457f-b98c-b966dc876ac0,Champ Coffee Itaewon,"챔프커피 이태원': 'Champ Coffee Itaewon',"
이태원,카페/베이커리,카페/베이커리 9위,레인리포트 경리단,이태원레인리포트,250,https://d12zq4w4guyljn.cloudfront.net/20240522125027_photo2_ccd7e1a78225.webp,Rain Report Gyeongnidan,"레인리포트 경리단': 'Rain Report Gyeongnidan',"
이태원,카페/베이커리,카페/베이커리 10위,오월의종 한남점,이태원오월의종,240,http://imgnews.naver.net/image/469/2019/05/19/0000389660_004_20190520045530584.jpg,May's Bell Hannam,"오월의종 한남점': 'May's Bell Hannam',"
성수,쇼핑/문화,쇼핑/문화 1위,성수무신사,성수무신사,5890,http://imgnews.naver.net/image/5656/2022/04/05/0000069021_001_20220405161403106.png,Seongsu Musinsa,"성수무신사': 'Seongsu Musinsa',"
성수,쇼핑/문화,쇼핑/문화 2위,성수디올,성수디올,2780,http://imgnews.naver.net/image/144/2025/12/01/0001083474_001_20251201145312354.jpg,Seongsu Dior,"성수디올': 'Seongsu Dior',"
성수,쇼핑/문화,쇼핑/문화 3위,29CM KIDS,성수29CM,2120,https://mdpqzcwamhzxybldvctr.supabase.co/storage/v1/object/public/popup-photos/29h_s.jpg,29CM KIDS,"29CM KIDS': '29CM KIDS',"
성수,쇼핑/문화,쇼핑/문화 4위,EQL SEONGSU GROVE,성수EQL,1410,http://imgnews.naver.net/image/5197/2023/09/03/0000061398_001_20230919153201386.jpg,EQL SEONGSU GROVE,"EQL SEONGSU GROVE': 'EQL SEONGSU GROVE',"
성수,쇼핑/문화,쇼핑/문화 5위,"POINT OF VIEW, 포인트 오브 뷰",성수포인트오브뷰,900,http://imgnews.naver.net/image/5384/2022/12/28/0000086493_015_20221228120402722.jpg,Point of View,"POINT OF VIEW, 포인트 오브 뷰': 'Point of View',"
성수,쇼핑/문화,쇼핑/문화 6위,키스 서울,성수키스,890,http://imgnews.naver.net/image/5197/2024/06/12/0000065582_003_20240613221615912.jpg,Kith Seoul,"키스 서울': 'Kith Seoul',"
성수,쇼핑/문화,쇼핑/문화 7위,아더에러 성수 스페이스,성수아더에러,610,https://i.namu.wiki/i/TAnLkEHmk_wIyFxaa8j27JrZODEeqETMyAw-3c9uS3Orm3NTi_g8kcbE-21za24ZByq70FctjsPWkxteqSlbDw.webp,Ader Error Seongsu Space,"아더에러 성수 스페이스': 'Ader Error Seongsu Space',"
성수,쇼핑/문화,쇼핑/문화 8위,LCDC Seoul,성수LCDC,580,http://imgnews.naver.net/image/5548/2021/12/04/0000025232_001_20211204232003682.jpg,LCDC Seoul,"LCDC Seoul': 'LCDC Seoul',"
성수,쇼핑/문화,쇼핑/문화 9위,성수마뗑킴,성수마뗑킴,420,http://imgnews.naver.net/image/008/2024/08/14/0005076936_001_20240814102911424.jpg,Seongsu Matin Kim,"성수마뗑킴': 'Seongsu Matin Kim',"
성수,쇼핑/문화,쇼핑/문화 10위,아도르 성수,성수아도르,390,https://img.siksinhot.com/place/1723520153390477.jpg,Adoir Seongsu,"아도르 성수': 'Adoir Seongsu',"
성수,식당/맛집,식당/맛집 1위,성수족발,성수족발,11270,https://img.siksinhot.com/place/1536821125737112.jpg,Seongsu Jokbal,"성수족발': 'Seongsu Jokbal',"
성수,식당/맛집,식당/맛집 2위,성수미키스시,성수미키스시,2900,https://ldb-phinf.pstatic.net/20250516_217/1747383462143vQG3g_JPEG/4.jpg,Seongsu Miki Sushi,"성수미키스시': 'Seongsu Miki Sushi',"
성수,식당/맛집,식당/맛집 3위,마리오네,성수마리오네,2220,https://mdpqzcwamhzxybldvctr.supabase.co/storage/v1/object/public/popup-photos/marione_s.jpg,Marione,"마리오네': 'Marione',"
성수,식당/맛집,식당/맛집 4위,죠죠,성수죠죠,1890,https://img.siksinhot.com/place/1684209234640264.jpg,Jojo,"죠죠': 'Jojo',"
성수,식당/맛집,식당/맛집 5위,성수맛집 스케줄성수 | Seongsu Restaurant| | ?水餐? | 聖水レストラン,성수스케줄,1570,https://d2uja84sd90jmv.cloudfront.net/posts/Ko3_Uuipg8kdlENhSwXuqA/m.jpg,Schedule Seongsu,"성수맛집 스케줄성수 | Seongsu Restaurant| | ?水餐? | 聖水レストラン': 'Schedule Seongsu',"
성수,식당/맛집,식당/맛집 6위,성수싹쓰리곱창,성수싹쓰리곱창,1340,https://ldb-phinf.pstatic.net/20260218_162/1771417697063FDBK4_JPEG/325EC87E-94D7-4D32-85D2-749C38CBB3DE.jpeg,Seongsu Ssak-sseuri Gopchang,"성수싹쓰리곱창': 'Seongsu Ssak-sseuri Gopchang',"
성수,식당/맛집,식당/맛집 7위,탐광,성수탐광,1270,https://kin-phinf.pstatic.net/20250321_198/17425242680976ehRA_JPEG/%EB%8B%A4%EC%9A%B4%EB%A1%9C%EB%93%9C_(9).jpg?type=w750,Tamkwang,"탐광': 'Tamkwang',"
성수,식당/맛집,식당/맛집 8위,안목 성수,성수안목,1100,"https://media.triple.guide/triple-cms/c_limit,f_auto,h_1024,w_1024/4800eca1-3ffe-4bfa-9eca-712e46010a76.jpeg",Anmok Seongsu,"안목 성수': 'Anmok Seongsu',"
성수,식당/맛집,식당/맛집 9위,꿉당 성수점,성수꿉당,970,https://d2uja84sd90jmv.cloudfront.net/posts/WHAEJSXZiCifoC3i_D3tZA/m.jpg,Kkupdang Seongsu,"꿉당 성수점': 'Kkupdang Seongsu',"
성수,식당/맛집,식당/맛집 10위,문화식당 성수점,성수문화식당,830,https://image-logo.alba.kr/%2Fdata_image2%2Fcomlogo%2F202406%2F2024061917261589296_0_m.jpg,Munhwa Restaurant Seongsu,"문화식당 성수점': 'Munhwa Restaurant Seongsu',"
성수,카페/베이커리,카페/베이커리 1위,베통,성수베통,4360,https://mdpqzcwamhzxybldvctr.supabase.co/storage/v1/object/public/popup-photos/beton_s.jpg,Betton,"베통': 'Betton',"
성수,카페/베이커리,카페/베이커리 2위,한정선 성수점,성수한정선,2200,https://d2uja84sd90jmv.cloudfront.net/posts/KJzk5L-NEgygjMijmHN_fg/ms.jpg,Hanjeongseon Seongsu,"한정선 성수점': 'Hanjeongseon Seongsu',"
성수,카페/베이커리,카페/베이커리 3위,성수연방,성수연방,2140,http://imgnews.naver.net/image/028/2019/12/11/0002477957_001_20191212023708149.jpg,Seongsu Yeonbang,"성수연방': 'Seongsu Yeonbang',"
성수,카페/베이커리,카페/베이커리 4위,성수동 대림창고 갤러리,성수대림창고,1980,https://i.pinimg.com/originals/c0/fa/fe/c0fafe05d06012fc4f35856e223ca9f0.jpg,Daelim Warehouse Gallery,"성수동 대림창고 갤러리': 'Daelim Warehouse Gallery',"
성수,카페/베이커리,카페/베이커리 5위,마망젤라또 성수점,성수마망젤라또,1590,https://d2uja84sd90jmv.cloudfront.net/posts/apd-5uP3ZeZ_GtmH8sY6mA/ms.jpg,Maman Gelato Seongsu,"마망젤라또 성수점': 'Maman Gelato Seongsu',"
성수,카페/베이커리,카페/베이커리 6위,성수테니,성수테니,1490,https://mdpqzcwamhzxybldvctr.supabase.co/storage/v1/object/public/popup-photos/tenne_s.jpg,Seongsu Tenne,"성수테니': 'Seongsu Tenne',"
성수,카페/베이커리,카페/베이커리 7위,어니언 성수점,성수어니언,1460,https://i.pinimg.com/originals/9b/2a/dd/9b2addf65d4b532eb7ee46dea4715e5f.jpg,Onion Seongsu,"어니언 성수점': 'Onion Seongsu',"
성수,카페/베이커리,카페/베이커리 8위,성수본지르르,성수본지르르,1400,https://d2uja84sd90jmv.cloudfront.net/posts/cxK2KYePSgJNdOlgkt5ELQ/ms.jpg,Seongsu Bonzirirr,"성수본지르르': 'Seongsu Bonzirirr',"
성수,카페/베이커리,카페/베이커리 9위,로우키 성수,성수로우키,1140,https://d2uja84sd90jmv.cloudfront.net/posts/Eoz4Nw1F8Dwa734NqQYGNA/m.jpg,Lowkey Seongsu,"로우키 성수': 'Lowkey Seongsu',"
성수,카페/베이커리,카페/베이커리 10위,코끼리베이글 성수,성수코끼리베이글,1060,https://img1.daumcdn.net/thumb/R1280x0.fpng/?fname=http://t1.daumcdn.net/brunch/service/user/uSr/image/iXctmaIHwWBSAM8wrjFlWtx1ONo.png,Kokkiri Bagel Seongsu,"코끼리베이글 성수': 'Kokkiri Bagel Seongsu',"
홍대,쇼핑/문화,쇼핑/문화 1위,홍대무신사,홍대무신사,8970,http://imgnews.naver.net/image/5119/2021/05/27/0000793088_001_20210527085003956.png,Hongdae Musinsa,"홍대무신사': 'Hongdae Musinsa',"
홍대,쇼핑/문화,쇼핑/문화 2위,애니메이트 홍대점,홍대애니메이트,6450,https://lh3.googleusercontent.com/gps-cs-s/AHVAwerfbhIQMyvk8365njup1pKyFiNwPyN0D-0LmptFpbi0fVXkEpmBax2eW3nTAzkBzmeYPGPFV2FLtbyl0sNuZ4TtwppmVbxGsscxQhMXkNgf8-a61qx6KMMYgmfKtoeCyAnLKfxTB4infguF=w408-h271-k-no,Animate Hongdae,"애니메이트 홍대점': 'Animate Hongdae',"
홍대,쇼핑/문화,쇼핑/문화 3위,올리브영 홍대 타운,홍대올리브영,1940,http://imgnews.naver.net/image/011/2019/10/24/0003639702_002_20191024111811622.jpg,Olive Young Hongdae Town,"올리브영 홍대 타운': 'Olive Young Hongdae Town',"
홍대,쇼핑/문화,쇼핑/문화 4위,나이키 스타일 홍대,홍대나이키,1120,http://imgnews.naver.net/image/5197/2022/07/14/0000053347_001_20220714141601477.jpg,Nike Style Hongdae,"나이키 스타일 홍대': 'Nike Style Hongdae',"
홍대,쇼핑/문화,쇼핑/문화 5위,스파오 홍대점,홍대스파오,1110,http://imgnews.naver.net/image/014/2015/10/02/201510021503138269_l_99_20151002151107.JPG,SPAO Hongdae,"스파오 홍대점': 'SPAO Hongdae',"
홍대,쇼핑/문화,쇼핑/문화 6위,MODEMAN 모드맨,홍대모드맨,700,https://pup-post-phinf.pstatic.net/MjAyNTEyMzFfMTY2/MDAxNzY3MTc3NDM3NTI3.xN7x6JvIEAbqZbndXotvoooJnSAogXeY33LCyQ27aJ8g.y5idDPyEffxEVPvvnOVxVYuy5v5GJhJi6KQtJvuGK1Mg.JPEG/4426261A-5817-4260-B5A9-A9B4EECFA43D.jpg,MODEMAN,"MODEMAN 모드맨': 'MODEMAN',"
홍대,쇼핑/문화,쇼핑/문화 7위,오브젝트 서교점,홍대오브젝트,560,https://i.pinimg.com/originals/1e/fc/4e/1efc4eb1d27aa04e7551ca55a36cce3f.jpg,Object Seogyo,"오브젝트 서교점': 'Object Seogyo',"
홍대,쇼핑/문화,쇼핑/문화 8위,언플러그드 홍대 (Unplugged Hongdae),홍대언플러그드,490,https://lh3.googleusercontent.com/gps-cs-s/AHVAweqjyFk3Nzcc_h1rERo_26XFrWHVwP4mcD8nPmJtb4pd2WtAMwFP2T251zKANYSmpR9Kw5VNmjXO8zst9rE1Aak0RsoR4B609JmneQtcHOdyVCrOdNQQusR7EbVRlThlf7qyWp50jg=w408-h271-k-no,Unplugged Hongdae,"언플러그드 홍대 (Unplugged Hongdae)': 'Unplugged Hongdae',"
홍대,쇼핑/문화,쇼핑/문화 9위,수바코 홍대점,홍대수바코,450,https://i.pinimg.com/736x/8e/3f/df/8e3fdf4d118cdc6eef6febfce95f24c5.jpg,Subako Hongdae,"수바코 홍대점': 'Subako Hongdae',"
홍대,쇼핑/문화,쇼핑/문화 10위,착한구두 홍대 플래그쉽 스토어,홍대착한구두,400,https://ldb-phinf.pstatic.net/20200917_281/1600305451563zhWtN_JPEG/s4pI8wV7N6mBwz_sRreQP1Wj.jpg,Chakhan Gudu Hongdae Flagship Store,"착한구두 홍대 플래그쉽 스토어': 'Chakhan Gudu Hongdae Flagship Store',"
홍대,식당/맛집,식당/맛집 1위,육지 홍대,홍대육지,11690,http://imgnews.naver.net/image/5153/2024/09/06/0000297960_001_20240906144011912.jpg,Yukji Hongdae,"육지 홍대': 'Yukji Hongdae',"
홍대,식당/맛집,식당/맛집 2위,홍대하이디라오,홍대하이디라오,7780,https://d2uja84sd90jmv.cloudfront.net/posts/4iQJHKagK1RELnPMA-6Lew/ms.jpg,Haidilao Hongdae,"홍대하이디라오': 'Haidilao Hongdae',"
홍대,식당/맛집,식당/맛집 3위,홍대돈부리 본점,홍대돈부리,2680,https://ldb-phinf.pstatic.net/20220907_167/1662529810624NaHUp_JPEG/Screenshot_20220906-120406_Samsung_Internet.jpg,Hongdae Donburi Main Store,"홍대돈부리 본점': 'Hongdae Donburi Main Store',"
홍대,식당/맛집,식당/맛집 4위,도적 홍대 본점,홍대도적,940,http://1.bp.blogspot.com/-_fQ-zTNd5p8/UkEUn1qEFMI/AAAAAAAAAIs/SocryCRf63Y/s1600/%EB%8F%84%EC%A0%81.jpg,Dojeok Hongdae Main Store,"도적 홍대 본점': 'Dojeok Hongdae Main Store',"
홍대,식당/맛집,식당/맛집 5위,삿뽀로 홍대점,홍대삿뽀로,900,https://d12zq4w4guyljn.cloudfront.net/750_750_20240623024706722_photo_2ebc5203c8b2.webp,Sapporo Hongdae,"삿뽀로 홍대점': 'Sapporo Hongdae',"
홍대,식당/맛집,식당/맛집 6위,홍대카미야,홍대카미야,900,https://d12zq4w4guyljn.cloudfront.net/750_750_20260208120641011_photo_2a7574972e83.webp,Hongdae Kamiya,"홍대카미야': 'Hongdae Kamiya',"
홍대,식당/맛집,식당/맛집 7위,육몽 홍대본점,홍대육몽,680,https://lh3.googleusercontent.com/gps-cs-s/AHVAweoc9dE-W22Jv_7bubOHhwdVpHyTy-AuPx55f3Ky4euxOqnci7sRLJ8ZgTa8k6aEtOwGOWei-56XdQTvQ7iExUX3wy6ceTAil_e_0Ou4OtghFugxeSTUTSsc9WG13ujvTfcu2mk=w408-h405-k-no,Yukmong Hongdae Main Store,"육몽 홍대본점': 'Yukmong Hongdae Main Store',"
홍대,식당/맛집,식당/맛집 8위,홍스쭈꾸미 홍대본점,홍대홍스쭈꾸미,630,http://imgnews.naver.net/image/366/2015/03/20/2015032001212_0_99_20150320104409.jpg,Hong's Jjukkumi Hongdae Main Store,"홍스쭈꾸미 홍대본점': 'Hong's Jjukkumi Hongdae Main Store',"
홍대,식당/맛집,식당/맛집 9위,홍대도마,홍대도마,620,https://lh3.googleusercontent.com/gps-cs-s/AHVAwepZPV4mgXvwvCNsP9TwcT2VZ5ci_c7V0dkS2oVPtJL7WeA1I5QDBvY_99i9tcWzEVpsgqsSEB_LwPZ-KBGXdODuhlwDeJPFQ1Q7NsnKVc4ut4T5otl4sXfw-wVed5D0k7aQJFe83KN0TPEy=w426-h240-k-no,Hongdae Doma,"홍대도마': 'Hongdae Doma',"
홍대,식당/맛집,식당/맛집 10위,연하동,홍대연하동,580,https://pup-post-phinf.pstatic.net/MjAyNTExMjlfMTQ3/MDAxNzY0Mzc5MDkzNzcx.mIIzJWsEaK0Q9JlC8np7tc24zB9dApxtAFFjcENUeo0g.bGzoTCagakU0EO5hDc-oioJ7KOG0slqq1HhsdMr7ldEg.JPEG/POST_IMAGE_ENCODING_20251129_101812_979.jpg,Yeonhadong,"연하동': 'Yeonhadong',"
홍대,카페/베이커리,카페/베이커리 1위,아오이토리,홍대아오이토리,1420,https://lh3.googleusercontent.com/gps-cs-s/AHVAweqOOkJzk_0aRYcx4k5pMqrl4QE9h8ewJKA4PpcOJdk2PWFFapSepTfEr2hHm2AkPkM3NqEKEQua_hl7R5hbdpeecL8bygnZ5UTWJJMtAt6mp0B0DEL9rlDyh1S1IMnp_xo_S68=w408-h544-k-no,Aoi Tori,"아오이토리': 'Aoi Tori',"
홍대,카페/베이커리,카페/베이커리 2위,피오니,홍대피오니,1110,https://d12zq4w4guyljn.cloudfront.net/20251209024249_photo1_47aa0aaa0a9b.webp,Peony,"피오니': 'Peony',"
홍대,카페/베이커리,카페/베이커리 3위,홍대신이도가,홍대신이도가,860,https://pup-post-phinf.pstatic.net/MjAyNTEyMTlfMTM1/MDAxNzY2MTI2NDY0NDUy.jEbBseD-tzVCsyV0G-xObswVTKs6fueafGs37jk46qMg.rBjy7UUEINKjrHtFGDCK4xFVMdze0iatVdXyjNssDgog.JPEG/BCD9973D-5491-492F-9B3D-4CB24B03A1F4.jpg,Hongdae Shinidoga,"홍대신이도가': 'Hongdae Shinidoga',"
홍대,카페/베이커리,카페/베이커리 4위,이미커피,홍대이미커피,720,https://img1.daumcdn.net/thumb/R1280x0.fwebp/?fname=http://t1.daumcdn.net/brunch/service/user/gXJh/image/CtqAMsMaYCDtShE-MBmxJVnnOpo,Imi Coffee,"이미커피': 'Imi Coffee',"
홍대,카페/베이커리,카페/베이커리 5위,콜린 서교동점,홍대콜린,680,https://d12zq4w4guyljn.cloudfront.net/20251129100500_photo2_df28b8181488.webp,Colline Seogyo,"콜린 서교동점': 'Colline Seogyo',"
홍대,카페/베이커리,카페/베이커리 6위,코코로카라 kokorokara,홍대코코로카라,640,https://pup-post-phinf.pstatic.net/MjAyNjAzMTBfMjIg/MDAxNzczMTUxMDgyODI2.zBywo27n3NQILzu_jRIK9QswYeTWRP0o4d7DTZ7i-gkg.nzT9kQzvtVDcZqofFPvdyaodXEowcybzqq6WItaajLIg.JPEG/POST_IMAGE_ENCODING_20260310_225802_260.jpg,Kokorokara,"코코로카라 kokorokara': 'Kokorokara',"
홍대,카페/베이커리,카페/베이커리 7위,베니케이크,홍대베니케이크,640,https://i.pinimg.com/736x/00/94/bc/0094bc82b859610e0831393f1e09cb81.jpg,Benny Cake,"베니케이크': 'Benny Cake',"
홍대,카페/베이커리,카페/베이커리 8위,홍대공명,홍대공명,480,https://ldb-phinf.pstatic.net/20230403_229/1680493781705izczQ_PNG/%C0%CF%B0%FD%C6%ED%C1%FD_230331_GM0307.png,Hongdae Gongmyeong,"홍대공명': 'Hongdae Gongmyeong',"
홍대,카페/베이커리,카페/베이커리 9위,베이글랜드 홍대점,홍대베이글랜드,450,https://d2uja84sd90jmv.cloudfront.net/posts/TKlUULq0aBsI0auR8cEK5w/ms.jpg,Bagel Land Hongdae,"베이글랜드 홍대점': 'Bagel Land Hongdae',"
홍대,카페/베이커리,카페/베이커리 10위,허밍벨라,홍대허밍벨라,360,https://img.siksinhot.com/place/1458700528330033.jpg,Humming Bella,"허밍벨라': 'Humming Bella',"
노원,쇼핑/문화,쇼핑/문화 1위,유니클로 롯데백화점노원점,노원유니클로,1000,https://pup-post-phinf.pstatic.net/MjAyNTExMDFfMjcg/MDAxNzYyMDA3MjQ0NjUy.pTZsvAmilyycsZNCPzITsze2JUCd5Z1iV53CbFD4Kjog.kVDl-jrCH8dw8VjKwwK3sktKwie_ym0_7__gkgt6e8wg.JPEG/70066892-117F-4785-A401-BC3A7CCF25D5.jpg,Uniqlo Lotte Department Store Nowon,"유니클로 롯데백화점노원점': 'Uniqlo Lotte Department Store Nowon',"
노원,쇼핑/문화,쇼핑/문화 2위,나이키 롯데노원점,노원나이키,120,http://imgnews.naver.net/image/5665/2019/03/29/0000003694_001_20190329112013861.jpg,Nike Lotte Nowon,"나이키 롯데노원점': 'Nike Lotte Nowon',"
노원,쇼핑/문화,쇼핑/문화 3위,샤넬 롯데백화점 노원점,노원샤넬,30,http://shop1.phinf.naver.net/20260127_141/17694934515178J766_JPEG/103626257232574497_1278167265.jpg,Chanel Lotte Department Store Nowon,"샤넬 롯데백화점 노원점': 'Chanel Lotte Department Store Nowon',"
노원,식당/맛집,식당/맛집 1위,노원쭈꾸미달인,노원쭈꾸미달인,9510,https://img.siksinhot.com/place/1525404334523139.jpg,Nowon Jjukkumi Dalin,"노원쭈꾸미달인': 'Nowon Jjukkumi Dalin',"
노원,식당/맛집,식당/맛집 2위,노원목고기집,노원목고기집,3160,https://d2uja84sd90jmv.cloudfront.net/posts/tqDW8o6OjvfJlwswnGKk2A/m.jpg,Nowon Mokgogijip,"노원목고기집': 'Nowon Mokgogijip',"
노원,식당/맛집,식당/맛집 3위,노원위안바오,노원위안바오,2640,https://img.siksinhot.com/place/1612407739033072.jpg,Nowon Yuanbao,"노원위안바오': 'Nowon Yuanbao',"
노원,식당/맛집,식당/맛집 4위,털보고된이 노원본점,노원털보고된이,2220,https://d12zq4w4guyljn.cloudfront.net/750_750_20240423095846_photo1_7202a8128ea3.webp,Teolbo Godeny Nowon Main Store,"털보고된이 노원본점': 'Teolbo Godeny Nowon Main Store',"
노원,식당/맛집,식당/맛집 5위,또와순두부,노원또와순두부,980,https://pup-post-phinf.pstatic.net/MjAyNTEwMTFfNjYg/MDAxNzYwMTQ5NTQxMjg2.GSpHBQJE6ENCDPjoYM6utken4Uvq_3qoBWxTB3_0FVcg.CaLcu316828LJtqRMrJIsQ7f4QIj2x9tE1EOVc9WdBYg.JPEG/POST_IMAGE_ENCODING_20251011_112540_146.jpg,Ttowa Sundubu,"또와순두부': 'Ttowa Sundubu',"
노원,식당/맛집,식당/맛집 6위,노원돈부리,노원돈부리,900,https://d2uja84sd90jmv.cloudfront.net/posts/eYYYnOgYZXGb8nXNe_5hmw/ms.jpg,Nowon Donburi,"노원돈부리': 'Nowon Donburi',"
노원,식당/맛집,식당/맛집 7위,노원동선식당,노원동선식당,850,https://ldb-phinf.pstatic.net/20240103_81/1704284087183IRR69_JPEG/IMG_7554.jpeg,Nowon Dongseon Restaurant,"노원동선식당': 'Nowon Dongseon Restaurant',"
노원,식당/맛집,식당/맛집 8위,감동식당,노원감동식당,840,https://ldb-phinf.pstatic.net/20240517_243/1715947449952lh7Un_JPEG/1000020098.jpg,Gamdong Restaurant,"감동식당': 'Gamdong Restaurant',"
노원,식당/맛집,식당/맛집 9위,로니로티 노원점,노원로니로티,710,https://ldb-phinf.pstatic.net/20200115_288/1579076888983HJJl8_JPEG/e-R84_pwkXsuASkWAm-qBwmA.jpg,Loni Lottie Nowon,"로니로티 노원점': 'Loni Lottie Nowon',"
노원,식당/맛집,식당/맛집 10위,제임스키친,노원제임스키친,680,https://img.siksinhot.com/place/1525527434643392.jpg,James Kitchen,"제임스키친': 'James Kitchen',"
노원,카페/베이커리,카페/베이커리 1위,빈스링,노원빈스링,4570,https://pup-post-phinf.pstatic.net/MjAyNjAzMTRfMTU3/MDAxNzczNDk4NDU1ODEw.TwWEuAS9DLZC-9en9LqJqDE3y-JJBlyIifBT5Bsq41Ig.UsdrnsbFMq27TWI8m7DLAqsT9rspdTl7BEuHxJESOR8g.JPEG/POST_IMAGE_ENCODING_20260314_232733_645.jpg,Beans Ring,"빈스링': 'Beans Ring',"
노원,카페/베이커리,카페/베이커리 2위,샛별제과,노원샛별제과,1080,https://i.pinimg.com/736x/7b/78/40/7b78403fa5a9a06fdc68de75d9b0b504.jpg,Saetbyeol Bakery,"샛별제과': 'Saetbyeol Bakery',"
노원,카페/베이커리,카페/베이커리 3위,스윗레시피,노원스윗레시피,530,https://img.siksinhot.com/place/1580457261322090.jpg,Sweet Recipe,"스윗레시피': 'Sweet Recipe',"
노원,카페/베이커리,카페/베이커리 4위,감각 커피전문점,노원감각,370,https://mdpqzcwamhzxybldvctr.supabase.co/storage/v1/object/public/popup-photos/gamgak_n.jpg,Gamgak Coffee,"감각 커피전문점': 'Gamgak Coffee',"
노원,카페/베이커리,카페/베이커리 5위,물레,노원물레,340,https://d12zq4w4guyljn.cloudfront.net/20250124095701_photo2_ff1b83daaa8b.webp,Mulle,"물레': 'Mulle',"
노원,카페/베이커리,카페/베이커리 6위,오피커피,노원오피커피,300,https://d2uja84sd90jmv.cloudfront.net/posts/j5SRZZy7z6TUuR_ztv9nVQ/ms.jpg,Offy Coffee,"오피커피': 'Offy Coffee',"
노원,카페/베이커리,카페/베이커리 7위,베스코,노원베스코,280,https://ldb-phinf.pstatic.net/20200914_216/16000605937670g7lA_JPEG/w18Qu0ctwWsvSaj3PRgunPGf.jpg,Besco,"베스코': 'Besco',"
노원,카페/베이커리,카페/베이커리 8위,시드누아노원본점,노원시드누아,210,https://d12zq4w4guyljn.cloudfront.net/750_750_20230417014806_photo1_73c904dea5b7.jpg,Seednoir Nowon Main Store,"시드누아노원본점': 'Seednoir Nowon Main Store',"
노원,카페/베이커리,카페/베이커리 9위,시즌,노원시즌,210,https://www.diningcode.com/_next/image?url=https%3A%2F%2Fd12zq4w4guyljn.cloudfront.net%2F750_750_20240606112025_photo2_46eadfc7e895.jpg&w=1080&q=75,Season,"시즌': 'Season',"
노원,카페/베이커리,카페/베이커리 10위,커피나무,노원커피나무,180,https://ldb-phinf.pstatic.net/20190131_266/1548923533882ob4SB_JPEG/gGHg74xtZLBV1mIQDREyyQYH.JPG.jpg,Coffee Tree,"커피나무': 'Coffee Tree',"
